{
  "metadata": {},
  "text": [],
  "tables": [],
  "figures": [
    {
      "Bounds": [
        53.34800720214844,
        553.9459991455078,
        289.5870056152344,
        731.3379974365234
      ],
      "ClipBounds": [
        53.34800720214844,
        553.9459991455078,
        289.5870056152344,
        731.3379974365234
      ],
      "ObjectID": 786,
      "Page": 2,
      "Path": "//Document/Figure",
      "attributes": {
        "BBox": [
          53.397799999998824,
          553.9959999999846,
          289.5479999999952,
          731.3479999999981
        ],
        "Placement": "Block"
      },
      "filePaths": [
        "figures/fileoutpart0.png"
      ]
    },
    {
      "Bounds": [
        52.49800109863281,
        130.56399536132812,
        542.7209930419922,
        498.38800048828125
      ],
      "ClipBounds": [
        52.49800109863281,
        130.56399536132812,
        542.7209930419922,
        498.38800048828125
      ],
      "ObjectID": 789,
      "Page": 2,
      "Path": "//Document/Figure[2]",
      "attributes": {
        "BBox": [
          52.43789999999899,
          130.5329999999958,
          542.737999999983,
          498.43799999999464
        ],
        "Placement": "Block"
      },
      "filePaths": [
        "figures/fileoutpart1.png"
      ]
    },
    {
      "Bounds": [
        92.01300048828125,
        437.2720031738281,
        503.26300048828125,
        731.3379974365234
      ],
      "ObjectID": 758,
      "Page": 3,
      "Path": "//Document/Figure[3]",
      "attributes": {
        "BBox": [
          92.03629999999976,
          437.2399999999907,
          503.25999999999476,
          731.3479999999981
        ],
        "Placement": "Block"
      },
      "filePaths": [
        "figures/fileoutpart2.png"
      ]
    },
    {
      "Bounds": [
        52.384002685546875,
        363.51499938964844,
        542.8910064697266,
        731.3390045166016
      ],
      "ClipBounds": [
        52.384002685546875,
        363.51499938964844,
        542.8910064697266,
        731.3390045166016
      ],
      "ObjectID": 748,
      "Page": 4,
      "Path": "//Document/Figure[4]",
      "attributes": {
        "BBox": [
          52.43789999999899,
          363.56299999999464,
          542.8579999999783,
          731.3479999999981
        ],
        "Placement": "Block"
      },
      "filePaths": [
        "figures/fileoutpart3.png"
      ]
    },
    {
      "Bounds": [
        52.49800109863281,
        363.51499938964844,
        542.7209930419922,
        731.3390045166016
      ],
      "ClipBounds": [
        52.49800109863281,
        363.51499938964844,
        542.7209930419922,
        731.3390045166016
      ],
      "ObjectID": 690,
      "Page": 5,
      "Path": "//Document/Figure[5]",
      "attributes": {
        "BBox": [
          52.43789999999899,
          363.56299999999464,
          542.737999999983,
          731.3479999999981
        ],
        "Placement": "Block"
      },
      "filePaths": [
        "figures/fileoutpart4.png"
      ]
    },
    {
      "Bounds": [
        52.49800109863281,
        362.3240051269531,
        542.7220001220703,
        731.3379974365234
      ],
      "ClipBounds": [
        52.49800109863281,
        362.3240051269531,
        542.7220001220703,
        731.3379974365234
      ],
      "ObjectID": 665,
      "Page": 6,
      "Path": "//Document/Figure[6]",
      "attributes": {
        "BBox": [
          52.43789999999899,
          362.36299999999756,
          542.737999999983,
          731.3479999999981
        ],
        "Placement": "Block"
      },
      "filePaths": [
        "figures/fileoutpart5.png"
      ]
    },
    {
      "Bounds": [
        52.49800109863281,
        513.35400390625,
        542.7209930419922,
        731.3379974365234
      ],
      "ObjectID": 629,
      "Page": 7,
      "Path": "//Document/Figure[7]",
      "attributes": {
        "BBox": [
          52.43789999999899,
          513.3169999999809,
          542.737999999983,
          731.3479999999981
        ],
        "Placement": "Block"
      },
      "filePaths": [
        "figures/fileoutpart6.png"
      ]
    },
    {
      "Bounds": [
        52.49800109863281,
        128.12600708007812,
        542.7209930419922,
        546.5760040283203
      ],
      "ClipBounds": [
        52.49800109863281,
        128.12600708007812,
        542.7209930419922,
        546.5760040283203
      ],
      "ObjectID": 600,
      "Page": 8,
      "Path": "//Document/Figure[8]",
      "attributes": {
        "BBox": [
          52.43789999999899,
          128.13299999999435,
          542.737999999983,
          546.5559999999823
        ],
        "Placement": "Block"
      },
      "filePaths": [
        "figures/fileoutpart7.png"
      ]
    }
  ]
}