{
  "metadata": {},
  "text": [],
  "tables": [],
  "figures": [
    {
      "Bounds": [
        184.08200073242188,
        89.17799377441406,
        544.1950073242188,
        273.9969940185547
      ],
      "ObjectID": 629,
      "Page": 1,
      "Path": "//Document/Figure",
      "attributes": {
        "BBox": [
          184.07299999999668,
          89.25459999999657,
          544.1779999999853,
          274.0469999999914
        ],
        "Placement": "Block"
      },
      "filePaths": [
        "figures/fileoutpart1.png"
      ]
    },
    {
      "Bounds": [
        184.08200073242188,
        89.12100219726562,
        544.1950073242188,
        236.5229949951172
      ],
      "ClipBounds": [
        184.08200073242188,
        89.12100219726562,
        544.1950073242188,
        236.5229949951172
      ],
      "ObjectID": 613,
      "Page": 2,
      "Path": "//Document/Figure[2]",
      "attributes": {
        "BBox": [
          184.07299999999668,
          89.13459999999759,
          544.1779999999853,
          236.48899999999412
        ],
        "Placement": "Block"
      },
      "filePaths": [
        "figures/fileoutpart2.png"
      ]
    },
    {
      "Bounds": [
        52.384002685546875,
        541.7010040283203,
        290.5509948730469,
        731.3390045166016
      ],
      "ClipBounds": [
        52.384002685546875,
        541.7010040283203,
        290.5509948730469,
        731.3390045166016
      ],
      "ObjectID": 593,
      "Page": 3,
      "Path": "//Document/Figure[3]",
      "attributes": {
        "BBox": [
          52.43789999999899,
          541.755999999994,
          290.5079999999871,
          731.3479999999981
        ],
        "Placement": "Block"
      },
      "filePaths": [
        "figures/fileoutpart3.png"
      ]
    }
  ]
}