{
  "metadata": {},
  "text": [],
  "tables": [],
  "figures": [
    {
      "Bounds": [
        84.69900512695312,
        92.91999816894531,
        510.6499938964844,
        495.7799987792969
      ],
      "ObjectID": 1055,
      "Page": 1,
      "Path": "//Document/Figure",
      "attributes": {
        "BBox": [
          84.71659999999974,
          92.97439999999915,
          510.5789999999979,
          495.7979999999952
        ],
        "Placement": "Block"
      },
      "filePaths": [
        "figures/fileoutpart0.png"
      ]
    },
    {
      "Bounds": [
        60.94500732421875,
        461.02699279785156,
        282.0469970703125,
        731.3390045166016
      ],
      "ClipBounds": [
        60.94500732421875,
        461.02699279785156,
        282.0469970703125,
        731.3390045166016
      ],
      "ObjectID": 1042,
      "Page": 2,
      "Path": "//Document/Figure[2]",
      "attributes": {
        "BBox": [
          60.95749999999862,
          460.99899999999616,
          281.98899999998685,
          731.3479999999981
        ],
        "Placement": "Block"
      },
      "filePaths": [
        "figures/fileoutpart1.png"
      ]
    },
    {
      "Bounds": [
        82.65800476074219,
        125.29100036621094,
        260.27699279785156,
        408.81199645996094
      ],
      "ClipBounds": [
        82.65800476074219,
        125.29100036621094,
        260.27699279785156,
        408.81199645996094
      ],
      "ObjectID": 1023,
      "Page": 4,
      "Path": "//Document/Figure[3]",
      "attributes": {
        "BBox": [
          82.67659999999887,
          125.37299999999959,
          260.2689999999857,
          408.80199999999604
        ],
        "Placement": "Block"
      },
      "filePaths": [
        "figures/fileoutpart2.png"
      ]
    }
  ]
}